City_ID,City,Lat,Lng,Max Temp,Humidity,Cloudiness,Wind Speed,Country,Date
0,tiksi,71.6872,128.8694,-22.13,91,84,2.52,RU,1712098313
1,hithadhoo,-0.6,73.0833,28.33,74,78,1.03,MV,1712098015
2,keflavik,64.0049,-22.5624,0.95,100,100,5.14,IS,1712098556
3,bilibino,68.0546,166.4372,-16.58,65,5,0.99,RU,1712098239
4,quthing,-30.4,27.7003,14.88,57,27,0.63,LS,1712098558
5,salinopolis,-0.6136,-47.3561,26.82,86,91,3.76,BR,1712098338
6,port-aux-francais,-49.35,70.2167,6.92,79,89,13.05,TF,1712098214
7,port macquarie,-31.4333,152.9167,22.72,59,7,5.05,AU,1712098560
8,hasaki,35.7333,140.8333,13.22,72,100,2.96,JP,1712098310
9,georgetown,5.4112,100.3354,28.96,83,20,1.54,MY,1712098370
10,muurame,62.1333,25.6667,-2.69,89,100,5.84,FI,1712098563
11,port saint john's,-31.6229,29.5448,21.54,77,100,2.59,ZA,1712098271
12,kingston,17.997,-76.7936,29.53,66,20,10.8,JM,1712098039
13,albany,42.6001,-73.9662,7.64,82,100,1.34,US,1712098250
14,uturoa,-16.7333,-151.4333,28.54,75,25,8.4,PF,1712098381
15,edinburgh of the seven seas,-37.0676,-12.3116,15.67,77,89,7.06,SH,1712097959
16,bethel,41.3712,-73.414,7.48,86,100,4.12,US,1712097958
17,ilulissat,69.2167,-51.1,-2.99,80,75,0.51,GL,1712097995
18,prince rupert,54.3161,-130.3201,8.05,66,20,9.77,CA,1712098508
19,adamstown,-25.066,-130.1015,23.93,72,65,12.3,PN,1712098219
20,puerto baquerizo moreno,-0.9,-89.6,29.55,84,20,4.63,EC,1712098336
21,waitangi,-43.9535,-176.5597,14.34,92,100,3.13,NZ,1712097957
22,iskateley,67.6803,53.1512,-16.45,91,5,4.96,RU,1712098042
23,papatowai,-46.5619,169.4708,15.47,63,100,1.45,NZ,1712098241
24,talnakh,69.4865,88.3972,-12.59,80,100,4.54,RU,1712098245
25,dudinka,69.4058,86.1778,-10.58,94,100,6.73,RU,1712098357
26,myadzyel,54.8731,26.9359,7.24,87,100,7.8,BY,1712098574
27,utrik,11.2278,169.8474,26.72,76,100,7.42,MH,1712098254
28,ribeira grande,38.5167,-28.7,15.94,80,100,11.67,PT,1712098270
29,la ronge,55.1001,-105.2842,9.14,31,75,4.63,CA,1712098576
30,khorixas,-20.3667,14.9667,22.8,52,84,0.74,NA,1712098577
31,blackmans bay,-43.0167,147.3167,10.96,70,74,0.45,AU,1712098258
32,al kharijah,25.4514,30.5464,24.51,29,0,4.81,EG,1712098578
33,sorong,-0.8833,131.25,26.69,86,90,3.72,ID,1712098579
34,grytviken,-54.2811,-36.5092,4.07,74,17,4.41,GS,1712097951
35,garden city,42.3256,-83.331,7.86,96,100,5.14,US,1712098432
36,atafu village,-8.5421,-172.5159,29.25,72,69,1.14,TK,1712098382
37,sao raimundo nonato,-9.0153,-42.6994,24.32,87,88,0.08,BR,1712098337
38,udachny,66.4167,112.4,-10.58,87,100,6.78,RU,1712098300
39,mastic beach,40.7668,-72.8521,7.65,94,100,6.71,US,1712098583
40,al jawf,29.5,38.75,21.07,23,3,5.15,SA,1712098583
41,bodaybo,57.8506,114.1933,-10.18,97,99,0.6,RU,1712098584
42,harper,4.375,-7.7169,27.73,89,45,2.57,LR,1712098585
43,sovetskaya gavan',48.9723,140.2878,1.46,65,64,1.82,RU,1712098585
44,ushuaia,-54.8,-68.3,4.81,75,75,4.12,AR,1712098056
45,masaki-cho,33.7876,132.7112,13.6,94,75,9.77,JP,1712098587
46,iqaluit,63.7506,-68.5145,-0.15,93,75,2.57,CA,1712098257
47,margaret river,-33.95,115.0667,9.82,88,1,4.51,AU,1712098220
48,revda,56.801,59.9303,4.38,97,100,5.52,RU,1712098589
49,whitehorse,60.7161,-135.0538,3.43,44,75,2.06,CA,1712098589
50,nadym,65.5333,72.5167,0.49,98,100,9.39,RU,1712098590
51,sharkan,57.2989,53.8712,2.6,99,64,3.18,RU,1712098591
52,flying fish cove,-10.4217,105.6791,26.82,94,100,4.63,CX,1712098322
53,richards bay,-28.783,32.0377,21.43,93,2,2.12,ZA,1712098316
54,tura,25.5198,90.2201,20.42,73,39,2.25,IN,1712098593
55,vilyuchinsk,52.9306,158.4028,3.15,76,100,3.49,RU,1712097951
56,labrador city,52.9463,-66.9114,0.95,71,100,4.12,CA,1712098224
57,bataipora,-22.2953,-53.2711,27.42,61,86,2.37,BR,1712098595
58,enewetak,11.3474,162.3373,26.79,82,86,9.88,MH,1712098387
59,freetown,8.484,-13.2299,26.05,75,82,2.62,SL,1712098596
60,oranjemund,-28.55,16.4333,15.5,89,15,3.46,NA,1712098597
61,lincoln,40.8,-96.667,13.95,31,0,11.83,US,1712098555
62,isafjordur,66.0755,-23.124,-5.66,75,10,2.58,IS,1712098280
63,anadyr,64.75,177.4833,-8.72,85,20,14.0,RU,1712098599
64,tazacorte,28.629,-17.9293,18.54,92,0,2.57,ES,1712098599
65,sao jose da coroa grande,-8.8978,-35.1478,27.95,81,69,2.82,BR,1712098600
66,remire-montjoly,4.9167,-52.2667,28.02,83,75,3.09,GF,1712098324
67,west island,-12.1568,96.8225,26.99,78,92,4.12,CC,1712098216
68,afaahiti,-17.75,-149.2833,28.93,76,62,8.01,PF,1712098305
69,thompson,55.7435,-97.8558,2.09,64,75,0.0,CA,1712098224
70,minas de marcona,-15.2119,-75.1103,18.78,72,82,4.78,PE,1712098339
71,sao paulo de olivenca,-3.3783,-68.8725,27.9,74,91,0.74,BR,1712098604
72,jamestown,42.097,-79.2353,11.77,93,100,4.63,US,1712098018
73,el calafate,-50.3408,-72.2768,5.76,59,32,4.16,AR,1712098506
74,pamandzi,-12.7967,45.2794,27.88,89,0,2.57,YT,1712098606
75,saldanha,-33.0117,17.9442,16.03,85,100,6.25,ZA,1712098299
76,gadzhiyevo,69.2551,33.3362,-19.34,99,37,3.55,RU,1712098344
77,tuy hoa,13.0833,109.3,24.7,85,69,3.07,VN,1712098608
78,wailua homesteads,22.0669,-159.378,26.24,69,75,7.72,US,1712098007
79,"laikit, laikit ii (dimembe)",1.4792,124.9735,22.47,100,40,0.0,ID,1712098609
80,caleta de carquin,-11.0925,-77.6267,22.56,80,28,3.52,PE,1712098610
81,mount pearl,47.5166,-52.7813,1.19,91,100,10.29,CA,1712098512
82,general villegas,-35.0328,-63.0125,17.98,52,41,4.12,AR,1712098428
83,invercargill,-46.4,168.35,16.12,69,99,4.02,NZ,1712097965
84,dmitrovsk-orlovskiy,52.505,35.1464,13.4,75,100,6.49,RU,1712098612
85,olonkinbyen,70.9221,-8.7187,-3.6,63,78,6.7,SJ,1712098005
86,laascaanood,8.4774,47.3597,23.63,73,11,4.45,SO,1712098614
87,sanya,18.2431,109.505,28.09,78,40,3.0,CN,1712098614
88,nemuro,43.3236,145.575,1.71,66,1,3.55,JP,1712098615
89,klyuchi,52.2667,79.1667,0.32,98,92,2.83,RU,1712098288
90,moju,-1.8839,-48.7689,24.67,98,98,1.18,BR,1712098617
91,badger,64.8,-147.5333,-10.01,62,75,4.63,US,1712098618
92,hermanus,-34.4187,19.2345,14.33,83,59,4.12,ZA,1712098314
93,manawar,22.2333,75.0833,27.43,27,73,3.63,IN,1712098619
94,carnarvon,-24.8667,113.6333,27.95,42,55,8.31,AU,1712098383
95,lishui,28.4604,119.9103,20.55,95,100,1.43,CN,1712098620
96,wolmaransstad,-27.1974,25.9831,20.76,49,88,3.25,ZA,1712098621
97,umm kaddadah,13.6017,26.6876,24.89,13,99,4.66,SD,1712098622
98,stanley,54.868,-1.6985,7.62,94,75,2.57,GB,1712098228
99,guajara mirim,-10.7828,-65.3394,26.84,80,50,1.78,BR,1712098484
100,tucuma,-0.1833,-50.05,26.02,89,99,2.8,BR,1712098296
101,tazovsky,67.4667,78.7,-3.44,96,100,7.34,RU,1712098373
102,san luis de la loma,17.2706,-100.8939,28.34,65,67,5.15,MX,1712098625
103,aitape,-3.1374,142.3475,26.84,85,100,0.95,PG,1712098626
104,aras-asan,8.8908,126.3033,25.93,83,23,0.81,PH,1712098626
105,constantia,44.1833,28.65,13.38,57,98,3.22,RO,1712098627
106,tofol,5.3248,163.0078,30.88,70,100,7.2,FM,1712098628
107,zouerate,22.7187,-12.4521,26.1,15,0,6.74,MR,1712098628
108,pisco,-13.7,-76.2167,25.03,69,75,6.17,PE,1712098044
109,ust-nera,64.5667,143.2,-13.89,86,68,1.05,RU,1712098021
110,palmas,-10.2128,-48.3603,25.93,78,75,2.06,BR,1712098273
111,laguna,38.421,-121.4238,25.36,40,0,6.17,US,1712098341
112,alpena,45.0617,-83.4327,3.18,94,100,7.72,US,1712098633
113,lanzhou,36.0564,103.7922,8.77,57,100,1.1,CN,1712098634
114,fort irwin,35.2627,-116.6848,21.9,20,0,3.6,US,1712098635
115,debno,52.739,14.698,10.08,83,86,7.6,PL,1712098636
116,puerto natales,-51.7236,-72.4875,3.55,76,25,4.26,CL,1712098232
117,port elizabeth,-33.918,25.5701,17.95,78,0,5.14,ZA,1712097996
118,zhenlai,45.8495,123.2973,3.29,31,0,5.45,CN,1712098638
119,korla,41.7597,86.1469,7.91,58,4,1.67,CN,1712098639
120,gwadar,25.1216,62.3254,24.71,69,100,2.31,PK,1712098639
121,nar'yan-mar,67.6713,53.087,-16.33,91,5,5.01,RU,1712098640
122,ancud,-41.8697,-73.8203,10.32,76,67,6.97,CL,1712098231
123,miguel ahumada,30.6167,-106.5167,15.71,27,87,3.6,MX,1712098642
124,okhotsk,59.3833,143.3,-7.32,70,9,7.36,RU,1712098643
125,acapulco de juarez,16.8634,-99.8901,27.72,70,53,6.01,MX,1712098643
126,takoradi,4.8845,-1.7554,27.75,87,92,2.51,GH,1712098280
127,varna,43.2167,27.9167,16.08,41,100,6.69,BG,1712098645
128,valparaiso,-33.0393,-71.6273,24.13,49,0,5.14,CL,1712098380
129,pacific grove,36.6177,-121.9166,22.58,73,0,3.09,US,1712098646
130,prainha,-1.8,-53.48,25.4,91,91,1.21,BR,1712098647
131,dunedin,-45.8742,170.5036,14.33,77,100,1.34,NZ,1712098240
132,terbanggi besar,-4.8667,105.2333,24.55,92,98,1.87,ID,1712098648
133,mount gambier,-37.8333,140.7667,14.05,83,96,3.3,AU,1712098361
134,kupino,54.3663,77.2981,0.11,99,100,2.34,RU,1712098649
135,vila velha,-20.3297,-40.2925,27.97,84,0,2.57,BR,1712098348
136,san patricio,28.017,-97.5169,30.97,27,0,7.8,US,1712098324
137,seaside,36.6111,-121.8516,22.86,70,0,3.09,US,1712098652
138,bahadurganj,26.2667,87.8167,22.46,29,30,2.62,IN,1712098653
139,tsiombe,-25.3,45.4833,21.13,89,0,4.55,MG,1712098653
140,kayangel,8.0823,134.7173,27.96,80,77,10.51,PW,1712098654
141,yuxia,34.0615,108.6291,12.34,56,100,2.36,CN,1712098655
142,aleksandrovsk-sakhalinskiy,50.8975,142.1561,-0.48,90,77,3.13,RU,1712098655
143,mejit,10.2753,170.8646,26.81,72,100,7.84,MH,1712098234
144,zamora,-4.0692,-78.9567,20.58,96,100,0.45,EC,1712098616
145,puerto leguizamo,-0.1934,-74.7819,24.9,93,84,0.47,CO,1712098657
146,mandal,25.45,74.5667,23.69,28,43,1.82,IN,1712098658
147,kohlu,29.8962,69.252,17.65,23,52,2.41,PK,1712098659
148,haicheng,40.8516,122.7475,7.71,29,100,6.82,CN,1712098659
149,zyryanovsk,49.7386,84.2719,-0.29,98,100,0.39,KZ,1712098660
150,al lagowa,11.4,29.1333,27.8,12,95,3.2,SD,1712098661
151,rafraf,37.1904,10.1837,14.17,78,88,2.12,TN,1712098661
152,kyren,51.6828,102.1408,-2.25,76,48,0.89,RU,1712098662
153,jinchang,38.4953,102.1739,6.63,63,100,1.69,CN,1712098663
154,puerto ayora,-0.7393,-90.3518,28.98,90,93,1.34,EC,1712098317
155,san pedro,14.35,121.0167,27.95,77,20,4.02,PH,1712098664
156,inongo,-1.95,18.2667,23.48,86,89,1.76,CD,1712098665
157,saint-joseph,-21.3667,55.6167,24.21,81,93,6.81,RE,1712098408
158,salalah,17.0151,54.0924,24.97,59,69,0.45,OM,1712098666
159,hobyo,5.3505,48.5268,28.23,74,25,4.01,SO,1712098667
160,mana,5.6592,-53.7767,26.92,85,22,4.27,GF,1712098667
161,punta arenas,-53.15,-70.9167,6.06,65,40,6.17,CL,1712098425
162,hailar,49.2,119.7,-10.76,91,33,2.69,CN,1712098669
163,chamical,-30.36,-66.314,19.43,65,6,4.47,AR,1712098465
164,cannonvale,-20.2833,148.7,26.66,76,27,4.8,AU,1712098670
165,greenville,35.6127,-77.3663,29.09,48,0,3.09,US,1712098247
166,roma,43.2128,-75.4557,6.71,86,100,4.12,US,1712098671
167,tolanaro,-25.0319,46.9987,23.04,83,75,3.09,MG,1712098325
168,tafuna,-14.3358,-170.72,29.35,79,100,8.02,AS,1712098672
169,arawa,-6.2132,155.5367,29.04,79,57,2.88,PG,1712098673
170,portland,45.5234,-122.6762,24.78,38,20,2.68,US,1712098017
171,alofi,-19.0595,-169.9187,29.94,74,75,7.2,NU,1712098674
172,kiruna,67.8557,20.2251,-23.49,77,7,2.57,SE,1712098675
173,palangkaraya,-2.2,113.8333,24.43,97,66,0.99,ID,1712098676
174,sur,22.5667,59.5289,26.42,46,91,2.08,OM,1712098676
175,moody,33.5909,-86.4908,25.89,64,86,2.24,US,1712098677
176,dahay,6.3969,124.7225,24.54,82,100,0.61,PH,1712098678
177,morehead city,34.7229,-76.726,22.79,82,0,8.23,US,1712098570
178,chul'man,56.8479,124.9104,-6.37,92,99,4.85,RU,1712098679
179,nishinoomote,30.7333,131.0,21.98,91,100,8.48,JP,1712098680
180,smara,26.7384,-11.6719,16.76,61,0,6.29,EH,1712098680
181,farkhar,36.5729,69.8578,6.48,97,100,1.15,AF,1712098681
182,floresta,-8.6011,-38.5686,28.91,61,100,3.63,BR,1712098682
183,qaqortoq,60.7167,-46.0333,-7.56,86,0,1.71,GL,1712098018
184,wanning,18.8003,110.3967,25.39,90,10,4.89,CN,1712098683
185,buzuluk,52.7807,52.2635,4.98,84,6,3.58,RU,1712098684
186,ploneour-lanvern,47.9,-4.2833,12.16,93,100,8.38,FR,1712098685
187,malanje,-9.5402,16.341,19.5,95,98,1.47,AO,1712098685
188,izluchinsk,60.9794,76.9242,1.01,89,100,8.14,RU,1712098686
189,hamilton,39.1834,-84.5333,19.96,92,100,8.23,US,1712098156
190,sidi bennour,32.6524,-8.4277,12.43,80,40,3.58,MA,1712098687
191,amga,60.8953,131.9608,-10.56,96,100,1.82,RU,1712098688
192,hanko,59.8333,22.95,0.47,95,100,9.83,FI,1712098689
193,calamar,10.2511,-74.9146,32.32,49,100,5.62,CO,1712098689
194,east london,-33.0153,27.9116,18.55,71,15,3.27,ZA,1712098379
195,vadso,70.0744,29.7487,-10.91,79,96,6.69,NO,1712098691
196,bay roberts,47.5999,-53.2648,1.85,86,78,4.92,CA,1712098692
197,kuqa,41.7278,82.9364,8.46,42,27,0.83,CN,1712098693
198,bredasdorp,-34.5322,20.0403,15.99,88,49,1.43,ZA,1712098303
199,ferkessedougou,9.6,-5.2,33.26,27,38,2.48,CI,1712098694
200,codrington,-38.2667,141.9667,14.27,80,82,4.55,AU,1712098695
201,cadale,2.7603,46.3222,28.32,75,19,2.64,SO,1712098695
202,camabatela,-8.1881,15.375,17.4,96,98,0.5,AO,1712098696
203,kalabo,-14.97,22.6814,19.27,89,84,1.7,ZM,1712098698
204,eyl,7.9803,49.8164,26.9,76,37,5.03,SO,1712098698
205,palikir - national government center,6.9248,158.1611,28.47,79,100,7.72,FM,1712098699
206,happy valley-goose bay,53.3168,-60.3315,1.17,75,75,7.72,CA,1712098700
207,longyearbyen,78.2186,15.6401,-17.09,71,75,4.63,SJ,1712098337
208,praia da vitoria,38.7333,-27.0667,17.14,82,40,9.13,PT,1712098359
209,kodiak,57.79,-152.4072,0.73,34,0,9.26,US,1712098228
210,baikonur,45.6167,63.3167,9.04,53,2,4.28,KZ,1712098702
211,polyarnyye zori,67.3661,32.4981,-12.79,100,42,1.27,RU,1712098703
212,hotan,37.0997,79.9269,9.1,26,48,2.27,CN,1712098382
213,lugovoye,42.9094,72.7178,7.11,68,89,0.59,KZ,1712098704
214,matoury,4.8483,-52.3317,27.98,83,75,3.09,GF,1712098705
215,ulladulla,-35.35,150.4667,17.36,62,62,0.63,AU,1712098706
216,as sulayyil,20.4607,45.5779,19.14,62,99,1.23,SA,1712098330
217,college,64.8569,-147.8028,-9.4,60,100,4.63,US,1712098215
218,san sebastian de la gomera,28.0916,-17.1133,20.2,72,0,2.57,ES,1712098708
219,arraial do cabo,-22.9661,-42.0278,23.98,88,0,1.54,BR,1712098548
220,paracuru,-3.41,-39.0306,26.3,86,94,1.8,BR,1712098709
221,waterford,42.7023,-83.4027,7.25,96,100,7.72,US,1712098710
222,spanish wells,26.323,-81.7957,28.35,66,20,6.17,US,1712098710
223,khon kaen,16.5,102.0833,26.53,50,29,1.94,TH,1712098711
224,leh,34.1667,77.5833,-9.31,82,97,0.66,IN,1712098442
225,karratha,-20.7377,116.8463,30.88,35,56,9.8,AU,1712098712
226,hawaiian paradise park,19.5933,-154.9731,25.73,78,75,6.17,US,1712098713
227,pula,44.8683,13.8481,9.31,87,0,0.0,HR,1712098714
228,newman,37.3138,-121.0208,25.14,40,0,1.34,US,1712098715
229,isangel,-19.55,169.2667,26.06,89,75,2.06,VU,1712098715
230,la'ie,21.6477,-157.9253,28.98,71,88,3.58,US,1712098716
231,srivardhan,18.0333,73.0167,24.58,73,98,2.64,IN,1712098717
232,saipan,15.1355,145.701,27.39,83,40,6.69,MP,1712098717
233,avarua,-21.2078,-159.775,29.03,65,75,4.63,CK,1712098718
234,kargasok,59.0556,80.8572,0.54,100,100,1.79,RU,1712098719
235,chichiriviche,10.9333,-68.2772,26.5,84,73,5.34,VE,1712098719
236,sao vicente,-23.9631,-46.3919,30.15,56,97,1.34,BR,1712098569
237,vila do maio,15.1333,-23.2167,22.44,78,10,8.26,CV,1712098721
238,moncion,19.4108,-71.1526,26.31,64,66,3.09,DO,1712098721
239,leeton,-34.5667,146.4,16.72,62,11,2.71,AU,1712098722
240,nova vicosa,-17.8919,-39.3719,25.72,84,91,2.09,BR,1712098723
241,callao,-12.0667,-77.15,24.16,64,0,6.69,PE,1712098171
242,lebu,-37.6167,-73.65,12.99,81,100,1.86,CL,1712098725
243,north manchester,41.0006,-85.7686,16.65,93,79,9.69,US,1712098391
244,berd,40.8815,45.3899,9.49,83,0,1.12,AM,1712098726
245,viqueque,-8.8673,126.3658,26.16,87,93,1.1,TL,1712098727
246,jihlava,49.3961,15.5912,6.86,78,6,8.01,CZ,1712098683
247,cide,41.8921,33.0044,16.04,59,94,3.06,TR,1712098728
248,phek,25.6667,94.5,9.55,80,2,0.87,IN,1712098729
249,calingasta,-31.3308,-69.4078,27.43,12,3,4.8,AR,1712098729
250,murzuq,25.9155,13.9184,23.31,15,0,3.92,LY,1712098730
251,pishin,30.5803,66.9961,12.43,42,41,1.42,PK,1712098731
252,chicoana,-25.1009,-65.5331,21.03,91,91,1.0,AR,1712098731
253,kirakira,-10.4544,161.9205,27.12,84,100,1.88,SB,1712098732
254,qoryooley,1.7878,44.53,27.63,76,17,2.35,SO,1712098733
255,yuzhno-kurilsk,44.0306,145.8556,1.35,74,5,2.84,RU,1712098733
256,san lorenzo de esmeraldas,1.2883,-78.8369,24.11,92,100,0.76,EC,1712098734
257,yellowknife,62.456,-114.3525,0.79,70,75,4.12,CA,1712098253
258,lorengau,-2.0226,147.2712,28.99,77,92,4.66,PG,1712098376
259,rio grande,-32.035,-52.0986,20.06,68,57,3.98,BR,1712098618
260,akureyri,65.6835,-18.0878,-12.04,85,0,2.57,IS,1712098346
261,igrim,63.1906,64.4162,1.59,89,99,4.22,RU,1712098737
262,lautoka,-17.6167,177.4667,30.92,62,75,0.0,FJ,1712098738
263,sabang,5.8933,95.3214,28.81,75,60,2.19,ID,1712098739
264,"kampung bukit tinggi, bentong",3.35,101.8167,24.96,96,71,1.07,MY,1712098739
265,tiszafured,47.6167,20.7667,9.99,72,72,5.02,HU,1712098740
266,sinabang,2.4803,96.3801,27.17,80,100,1.04,ID,1712098741
267,bac lieu,9.285,105.7244,26.71,72,94,3.14,VN,1712098008
268,nyurba,63.2842,118.3319,-10.16,97,99,2.76,RU,1712098742
269,port lincoln,-34.7333,135.8667,16.26,70,97,3.0,AU,1712098704
270,tanout,14.9709,8.8879,30.58,7,88,4.48,NE,1712098743
271,sabha,27.0377,14.4283,24.16,12,0,3.45,LY,1712098744
272,george town,5.4112,100.3354,28.96,83,20,1.54,MY,1712098523
273,odessa,46.4775,30.7326,11.12,61,81,6.47,UA,1712098745
274,katsuren-haebaru,26.3369,127.8719,25.43,85,100,7.2,JP,1712098746
275,dakhla,23.6848,-15.958,18.26,83,0,9.94,EH,1712098047
276,waslala,13.2333,-85.3833,33.78,26,4,2.85,NI,1712098747
277,mingshui,36.7167,117.5,9.94,90,100,4.08,CN,1712098748
278,aransas pass,27.9095,-97.15,32.0,24,0,8.75,US,1712098749
279,casper,42.8666,-106.3131,13.78,31,0,6.69,US,1712098501
280,kristiansund,63.1115,7.732,0.03,55,75,6.69,NO,1712098750
281,itamaraca,-7.7478,-34.8256,30.03,82,22,3.44,BR,1712098751
282,ohara,35.25,140.3833,15.21,74,98,3.12,JP,1712098752
283,jianguang,28.1938,115.7836,20.54,96,100,1.98,CN,1712098753
284,lihue,21.9789,-159.3672,26.58,69,75,7.72,US,1712097976
285,zapala,-38.8992,-70.0544,9.67,54,100,17.76,AR,1712098754
286,marsa alam,25.0757,34.8918,23.4,72,0,0.61,EG,1712098755
287,bria,6.5423,21.9863,25.09,56,74,1.13,CF,1712098756
288,gaigeturi,33.4644,126.3183,16.03,94,100,1.54,KR,1712098370
289,ebaye,8.7748,167.7392,29.01,70,0,7.2,MH,1712098757
290,la passe,45.5549,-0.8967,11.13,86,100,8.35,FR,1712098009
291,tari,12.4086,4.4914,31.6,11,15,2.41,NG,1712098758
292,camocim,-2.9022,-40.8411,26.58,87,98,2.53,BR,1712098759
293,port mathurin,-19.6833,63.4167,26.58,82,100,6.88,MU,1712098236
294,magadan,59.5667,150.8,-6.47,63,1,2.55,RU,1712098760
295,st. john's,47.5649,-52.7093,1.65,91,100,11.18,CA,1712098128
296,kasongo-lunda,-6.4667,16.8167,21.54,94,100,0.24,CD,1712098762
297,carutapera,-1.195,-46.02,25.73,93,70,2.63,BR,1712098762
298,nagqu,31.5,92.0,-3.08,52,93,2.72,CN,1712098364
299,rayon,19.1444,-99.5836,25.43,20,71,4.96,MX,1712098764
300,beitbridge,-22.2167,30.0,21.77,56,86,3.36,ZW,1712098764
301,galich,58.3797,42.3475,8.84,97,100,3.11,RU,1712098765
302,chibougamau,49.9168,-74.3659,2.79,41,0,4.63,CA,1712098766
303,usinsk,65.9939,57.5281,-19.96,93,23,4.92,RU,1712098312
304,lavrio,37.7145,24.0565,22.53,52,100,4.58,GR,1712098767
305,corn island,12.1694,-83.0418,28.02,68,31,4.41,NI,1712098768
306,ustka,54.5805,16.8619,3.69,95,100,7.15,PL,1712098575
307,constitucion,-35.3333,-72.4167,13.49,96,100,1.01,CL,1712098769
308,tatarsk,55.219,75.9828,0.32,93,100,3.3,RU,1712098770
309,angra do heroismo,38.65,-27.2167,17.34,90,40,8.94,PT,1712098487
310,gamay,12.3854,125.2979,26.12,84,85,2.2,PH,1712098771
311,raduzhny,62.0961,77.475,-0.38,95,100,7.51,RU,1712098772
312,detroit lakes,46.8172,-95.8453,4.49,71,100,8.75,US,1712098773
313,sandnessjoen,66.0217,12.6316,-8.71,67,11,5.1,NO,1712098773
314,kralendijk,12.15,-68.2667,28.99,70,40,8.23,BQ,1712098774
315,hami,42.8,93.45,6.34,42,23,0.69,CN,1712098335
316,sampit,-2.5333,112.95,24.01,99,83,0.8,ID,1712098775
317,prado,-17.3411,-39.2208,25.44,91,88,0.92,BR,1712098776
318,new norfolk,-42.7826,147.0587,11.62,68,58,1.36,AU,1712098358
319,sylt-ost,54.8833,8.35,3.05,87,75,3.6,DE,1712098777
320,fort bragg,35.139,-79.006,28.32,53,75,7.72,US,1712098148
321,mitu,1.1983,-70.1733,24.82,95,87,0.6,CO,1712098778
322,shanhaiguan,39.9988,119.7564,9.91,21,100,6.48,CN,1712098779
323,santa vitoria,-18.8386,-50.1214,23.73,83,86,1.65,BR,1712098780
324,le pouliguen,47.2697,-2.4278,11.11,95,100,8.78,FR,1712098781
325,geraldton,-28.7667,114.6,23.23,38,75,8.23,AU,1712098352
326,jalqani,12.4486,34.2186,30.14,17,91,2.83,SD,1712098782
327,pilar,-9.5972,-35.9567,26.96,87,95,1.76,BR,1712098315
328,kashgar,39.4547,75.9797,10.56,32,40,3.0,CN,1712098783
329,cabedelo,-6.9811,-34.8339,29.37,83,34,4.38,BR,1712098768
330,lerwick,60.1545,-1.1494,5.0,61,100,12.78,GB,1712098785
331,merizo village,13.2658,144.6691,28.54,84,99,7.91,GU,1712098785
332,bonthe,7.5264,-12.505,26.06,86,43,3.28,SL,1712098228
333,ati,13.2154,18.3353,29.09,11,100,4.5,TD,1712098787
334,novyy urengoy,66.0833,76.6333,-1.44,97,100,8.49,RU,1712098787
335,pamanukan,-6.2842,107.8106,25.91,88,73,1.4,ID,1712098788
336,lichinga,-13.3128,35.2406,16.24,94,92,2.17,MZ,1712098789
337,yaren,-0.5472,166.916,27.86,77,95,2.12,NR,1712098789
338,baidoa,3.1138,43.6498,24.99,80,42,3.76,SO,1712098790
339,basco,20.4487,121.9702,26.96,84,21,9.08,PH,1712098791
340,bamboo flat,11.7,92.7167,25.05,88,36,1.03,IN,1712098327
341,bobrov,51.0961,40.0333,15.61,57,99,7.23,RU,1712098792
342,fale old settlement,-9.3852,-171.2468,29.3,72,76,1.38,TK,1712098253
343,northam,51.0333,-4.2167,11.45,96,93,8.56,GB,1712098793
344,gobabis,-22.45,18.9667,17.49,87,100,3.79,NA,1712098521
345,ghanzi,-21.5667,21.7833,19.33,83,100,0.91,BW,1712098795
346,wynne,35.2245,-90.7868,17.48,63,25,8.28,US,1712098795
347,shimoda,34.6667,138.95,15.61,75,100,3.62,JP,1712098796
348,virginia,37.5481,-77.4467,21.92,79,75,2.06,US,1712098597
349,sitka,57.0531,-135.33,5.94,70,40,4.63,US,1712098235
350,antofagasta,-23.65,-70.4,20.6,77,20,1.63,CL,1712098798
351,luumaki,60.9262,27.5814,-0.94,95,100,6.58,FI,1712098798
352,saint-philippe,-21.3585,55.7679,24.77,83,94,6.98,RE,1712098765
353,lagos,6.5833,3.75,28.13,87,100,4.07,NG,1712098553
354,slatina,44.4333,24.3667,11.37,59,100,7.03,RO,1712098800
355,isla mujeres,21.2311,-86.731,28.98,82,43,7.26,MX,1712098801
356,cooper's town,26.8667,-77.5167,23.69,80,98,5.57,BS,1712098807
357,lata,40.1629,-8.3327,13.29,98,21,1.91,PT,1712098812
358,saint-pierre,-21.3393,55.4781,24.82,78,0,13.38,RE,1712098352
359,hirtshals,57.5881,9.9592,2.48,76,100,7.27,DK,1712098813
360,kill devil hills,36.0307,-75.676,23.0,78,0,6.69,US,1712098273
361,nuuk,64.1835,-51.7216,-0.66,74,18,4.12,GL,1712098756
362,kattivakkam,13.2167,80.3167,28.05,86,63,5.14,IN,1712098816
363,christchurch,-43.5333,172.6333,18.01,72,86,7.72,NZ,1712098238
364,chulakkurgan,43.765,69.1814,7.91,51,10,1.61,KZ,1712098817
365,kendari,-3.945,122.4989,24.88,96,100,1.98,ID,1712098818
366,puttalam,8.0362,79.8283,27.95,79,90,2.74,LK,1712098819
367,miyako,39.6367,141.9525,8.86,51,41,0.19,JP,1712098820
368,mazidagi,37.4775,40.4881,12.34,40,0,1.28,TR,1712098836
369,anloga,5.7947,0.8973,28.86,82,87,4.85,GH,1712098837
370,luderitz,-26.6481,15.1594,17.61,73,1,1.84,NA,1712098306
371,pinar del rio,22.4175,-83.6981,27.37,70,51,6.22,CU,1712098840
372,luanda,-8.8368,13.2343,28.0,88,0,2.06,AO,1712098658
373,neietsu,37.1845,128.4682,13.21,80,100,1.42,KR,1712098841
374,songea,-10.6833,35.65,17.26,96,38,0.95,TZ,1712098842
375,kavaratti,10.5669,72.642,28.45,74,79,2.43,IN,1712098843
376,ixtapa,20.7,-105.2,25.68,70,39,3.58,MX,1712098832
377,al jaradiyah,16.5795,42.9124,29.72,61,100,1.16,SA,1712098844
378,kudat,6.8837,116.8477,26.96,94,6,1.03,MY,1712098845
379,nadi,-17.8,177.4167,31.0,62,75,0.0,FJ,1712098846
380,kodinsk,58.6881,99.1844,-6.42,98,98,1.71,RU,1712098846
381,susuman,62.7833,148.1667,-18.34,79,8,1.34,RU,1712098302
382,chebba,35.2372,11.115,15.88,64,1,3.09,TN,1712098848
383,kone,-21.0595,164.8658,28.98,57,7,2.24,NC,1712098848
384,petropavlovsk-kamchatsky,53.0452,158.6483,2.33,44,0,1.0,RU,1712098261
385,horta,38.5333,-28.6333,15.39,81,99,11.61,PT,1712098768
386,dryden,49.7833,-92.7503,6.16,42,75,3.6,CA,1712098836
387,al bardiyah,31.7561,25.0865,18.83,54,0,0.99,LY,1712098851
388,touros,-5.1989,-35.4608,27.24,83,69,2.81,BR,1712098301
389,zabid,14.1951,43.3152,28.17,63,100,4.57,YE,1712098853
390,almeirim,-1.5233,-52.5817,25.04,94,98,1.16,BR,1712098854
391,iskushuban,10.2837,50.23,24.19,83,69,2.42,SO,1712098855
392,chiredzi,-21.05,31.6667,20.03,76,93,1.87,ZW,1712098856
393,goianesia,-15.3175,-49.1175,22.93,89,72,0.36,BR,1712098776
394,saynshand,44.8824,110.1163,0.18,49,39,6.31,MN,1712098857
395,choyr,46.3611,108.3611,-3.16,42,3,1.23,MN,1712098858
396,laojunmiao,39.8333,97.7333,2.57,67,95,0.11,CN,1712098859
397,san andres,12.5847,-81.7006,30.01,66,20,4.63,CO,1712098794
398,sona,45.4388,10.8255,10.69,76,0,0.51,IT,1712098860
399,taltal,-25.4,-70.4833,18.23,86,24,1.48,CL,1712098838
400,egilsstadir,65.2653,-14.3948,-3.05,63,75,2.57,IS,1712098862
401,broome,42.2506,-75.833,6.5,94,100,7.2,US,1712098789
402,kununurra,-15.7667,128.7333,26.99,83,100,5.14,AU,1712098393
403,al mayadin,35.0209,40.4535,21.86,36,0,0.87,SY,1712098865
404,aripuana,-9.1667,-60.6333,25.39,85,99,0.61,BR,1712098867
405,aasiaat,68.7098,-52.8699,-9.56,91,87,1.93,GL,1712098304
406,ta`u,-14.2336,-169.5144,29.1,79,100,7.52,AS,1712098868
407,la gi,10.6667,107.7833,25.33,86,86,2.84,VN,1712098869
408,khovd,48.0056,91.6419,0.05,44,5,0.22,MN,1712098797
409,walvis bay,-22.9575,14.5053,15.61,88,1,2.06,NA,1712098871
410,vorgashor,67.5833,63.95,-20.05,88,84,7.63,RU,1712098749
411,weno,7.4515,151.8468,28.33,77,100,9.75,FM,1712098873
412,gereida,11.2811,25.1414,27.14,9,22,3.39,SD,1712098395
413,sao joao da barra,-21.6403,-41.0511,25.05,85,70,3.7,BR,1712098785
414,meiktila,20.8667,95.8667,26.72,51,1,3.25,MM,1712098875
415,zapolyarnyy,69.4154,30.8136,-12.4,99,70,2.04,RU,1712098797
416,olinda,-8.0089,-34.8553,29.85,79,40,3.09,BR,1712098782
417,oamaru,-45.0784,170.9801,14.1,80,95,4.97,NZ,1712098894
418,tuapse,44.1125,39.0742,14.48,51,95,2.38,RU,1712098894
419,bardai,11.65,7.2333,28.31,15,32,2.89,NG,1712098895
420,san rafael,-34.6177,-68.3301,22.63,32,30,3.89,AR,1712098759
421,polyarnyy,69.1989,33.4478,-18.47,99,26,3.62,RU,1712098758
422,rongelap,11.1635,166.8941,26.7,81,100,7.8,MH,1712098369
423,grand falls-windsor,48.9332,-55.6649,0.84,87,97,2.68,CA,1712098881
424,namibe,-15.1961,12.1522,23.44,75,29,3.34,AO,1712098898
425,urmary,55.6789,47.944,7.67,90,95,5.44,RU,1712098764
426,tralee,52.2704,-9.7026,7.67,95,100,1.73,IE,1712098793
427,madalena,41.2162,-8.3345,14.06,97,58,2.08,PT,1712098900
428,auki,-8.7676,160.7034,26.86,86,100,2.31,SB,1712098901
429,tokar,18.4254,37.729,27.15,83,91,3.2,SD,1712098902
430,yinchuan,38.4681,106.2731,9.35,52,96,2.04,CN,1712098902
431,cururupu,-1.8283,-44.8683,24.88,96,98,1.23,BR,1712098903
432,kavieng,-2.5744,150.7967,28.91,76,100,4.81,PG,1712098752
433,vallenar,-28.5708,-70.7581,19.22,56,0,1.78,CL,1712098809
434,brookings,44.3114,-96.7984,10.0,51,75,12.86,US,1712098654
435,altay,47.8667,88.1167,0.37,69,11,2.58,CN,1712098906
436,taroudant,30.4703,-8.877,15.83,65,42,1.23,MA,1712098906
437,hunxe,51.65,6.7833,11.17,90,100,4.23,DE,1712098907
438,hirado,33.3597,129.5531,17.55,99,100,9.16,JP,1712098908
439,radomir,42.5444,22.9578,11.94,78,64,1.16,BG,1712098909
440,fandrandava,-21.5208,47.2453,16.83,99,100,2.06,MG,1712098780
441,beau vallon,-20.4189,57.6953,26.13,73,75,6.69,MU,1712098911
442,flin flon,54.7682,-101.865,7.91,39,40,1.54,CA,1712098619
443,glace bay,46.1969,-59.957,2.37,93,75,5.66,CA,1712098912
444,kaman,27.65,77.2667,24.12,18,84,2.26,IN,1712098913
445,rifle,39.5347,-107.7831,14.33,19,0,2.06,US,1712098914
446,curup,-3.4667,102.5333,21.69,98,96,1.0,ID,1712098914
447,bubaque,11.2833,-15.8333,24.72,73,26,9.23,GW,1712098338
448,keelung,25.1283,121.7419,26.86,77,52,1.86,TW,1712098916
449,lompoc,34.6391,-120.4579,22.14,61,0,5.14,US,1712098916
450,mikhaylovsk,45.1283,42.0256,11.12,71,0,4.0,RU,1712098917
451,palmer,42.1584,-72.3287,7.23,81,100,0.89,US,1712098817
452,ta'izz,13.5,44.0,19.72,67,82,2.9,YE,1712098803
453,darwin,-12.4611,130.8418,27.19,91,75,4.12,AU,1712098807
454,holualoa,19.6228,-155.9522,25.91,83,40,4.63,US,1712098753
455,manokwari,-0.8667,134.0833,26.75,80,100,0.79,ID,1712098922
456,maceio,-9.6658,-35.7353,27.69,89,20,1.54,BR,1712098445
457,kurgunta,17.2,77.35,29.72,34,5,3.09,IN,1712098923
458,dalandzadgad,43.5708,104.425,4.75,46,94,3.63,MN,1712098924
459,solnechnyy,50.7214,136.6319,-4.43,77,73,0.85,RU,1712098925
460,suez,29.9737,32.5263,19.43,63,0,5.0,EG,1712098833
461,alice,27.7523,-98.0697,31.69,25,0,6.95,US,1712098807
462,astrakhan,46.3497,48.0408,5.93,93,0,3.0,RU,1712098831
463,thinadhoo,0.5333,72.9333,28.94,71,94,1.4,MV,1712098929
464,mount isa,-20.7333,139.5,24.87,61,24,5.14,AU,1712098929
465,khamis mushait,18.3064,42.7292,15.58,77,20,4.12,SA,1712098930
466,edmundston,47.3737,-68.3251,6.13,39,0,3.09,CA,1712098931
467,languyan,5.2618,120.0807,26.21,82,14,0.69,PH,1712098931
468,chiang mai,18.75,99.0,24.04,66,3,1.03,TH,1712098808
469,belle fourche,44.6714,-103.8522,15.6,34,50,6.58,US,1712098933
470,jeddah,21.5169,39.2192,27.92,57,0,1.54,SA,1712098815
471,mugia,43.1041,-9.2179,14.39,90,25,9.26,ES,1712098395
472,savanna-la-mar,18.219,-78.1332,27.97,81,100,2.08,JM,1712098935
473,tutong,4.8,114.65,26.05,92,11,1.95,BN,1712098936
474,vilyuysk,63.7553,121.6247,-13.7,100,98,2.18,RU,1712098779
475,hakui,36.8833,136.7833,10.74,68,100,1.71,JP,1712098937
476,vikulovo,56.8167,70.6107,0.66,92,98,6.05,RU,1712098938
477,noosa heads,-26.3833,153.15,26.73,73,2,2.29,AU,1712098931
478,kramfors,62.9316,17.7765,-5.12,63,94,6.17,SE,1712098940
479,hilo,19.7297,-155.09,25.85,79,75,6.17,US,1712098701
480,yeppoon,-23.1333,150.7333,24.88,69,6,3.77,AU,1712098941
481,tobelo,1.7284,128.0095,27.14,81,97,0.45,ID,1712098943
482,reggane,26.7158,0.1714,27.71,12,0,4.18,DZ,1712098943
483,sao geraldo do araguaia,-6.4006,-48.555,24.63,96,96,1.67,BR,1712098754
484,kapit,2.0167,112.9333,23.79,100,100,0.77,MY,1712098751
485,sant antoni de portmany,38.9807,1.3036,16.88,61,0,3.13,ES,1712098945
486,the pas,53.8251,-101.2541,8.01,42,0,2.57,CA,1712098946
487,ubari,26.5921,12.7805,24.41,13,12,3.65,LY,1712098947
488,axim,4.8699,-2.2405,27.17,86,87,0.8,GH,1712098948
489,monywa,22.1167,95.1333,28.28,38,0,2.5,MM,1712098949
490,mata-utu,-13.2816,-176.1745,29.7,77,95,7.8,WF,1712098950
491,i-n-salah,27.1935,2.4607,25.75,12,0,5.13,DZ,1712098950
492,turinskaya sloboda,57.6232,64.3858,5.49,93,100,4.27,RU,1712098951
493,puerto aysen,-45.4,-72.7,5.41,100,100,2.27,CL,1712098907
494,pudozh,61.8099,36.5345,-2.25,92,100,6.26,RU,1712098953
495,mananjary,-21.2167,48.3333,23.43,91,100,1.64,MG,1712098954
496,mahibadhoo,3.7833,72.9667,28.45,72,100,2.32,MV,1712098955
497,corner brook,48.9667,-57.9484,2.09,84,92,4.51,CA,1712098806
498,kapuskasing,49.4169,-82.4331,7.05,26,40,7.2,CA,1712098779
499,seminole,28.7086,-81.2081,29.65,59,40,4.63,US,1712098900
500,suva,-18.1416,178.4415,29.71,74,75,6.17,FJ,1712098957
501,carbonear,47.7332,-53.2148,1.9,86,64,9.59,CA,1712098958
502,aykhal,66.0,111.5,-11.4,91,100,8.02,RU,1712098959
503,kuanda,56.3161,116.0806,-11.85,93,57,0.26,RU,1712098959
504,nova sintra,14.8667,-24.7167,19.72,80,31,10.59,CV,1712098379
505,tamandare,-8.7597,-35.1047,27.93,81,61,2.46,BR,1712098961
506,colchani,-20.3,-66.9333,14.46,28,18,2.35,BO,1712098961
507,pizarro,4.9533,-77.366,25.36,92,96,4.73,CO,1712098962
508,vila franca do campo,37.7167,-25.4333,18.27,99,90,9.01,PT,1712098963
509,ukiah,39.1502,-123.2078,26.94,36,0,2.8,US,1712098668
510,midvagur,62.0511,-7.1939,1.46,51,75,3.6,FO,1712098769
511,alice springs,-23.7,133.8833,20.12,42,0,3.09,AU,1712098827
512,daru,-9.0763,143.2092,28.75,79,84,1.32,PG,1712098966
513,chamzinka,54.4019,45.7839,10.47,82,82,4.56,RU,1712098967
514,uruobo-okija,5.9002,6.8431,26.49,85,100,2.75,NG,1712098967
515,hafnarfjordur,64.0671,-21.9377,0.93,69,100,5.14,IS,1712098969
516,oyama,36.3,139.8,14.21,53,100,1.22,JP,1712098969
517,ilhabela,-23.7781,-45.3581,24.3,86,88,0.67,BR,1712098848
518,calama,-22.4667,-68.9333,23.27,15,0,8.23,CL,1712098812
519,vuktyl,63.8567,57.3094,-10.68,95,95,2.97,RU,1712098971
520,colonia,50.9333,6.95,11.6,84,75,3.09,DE,1712098936
521,parras de la fuente,25.4167,-102.1833,22.05,18,0,5.46,MX,1712098973
522,boguchany,58.3814,97.4531,-3.97,95,98,1.34,RU,1712098974
523,narvik,68.4384,17.4272,-11.33,71,14,3.05,NO,1712098697
524,kimbe,-5.5502,150.1429,28.72,79,98,0.25,PG,1712098749
525,tindouf,27.6711,-8.1474,23.25,20,0,6.69,DZ,1712098777
526,berezovyy,51.6667,135.7,0.03,65,23,0.74,RU,1712098977
527,gus'-khrustal'nyy,55.6111,40.6519,12.28,75,100,4.87,RU,1712098977
528,novodvinsk,64.4165,40.8122,-7.34,82,90,3.28,RU,1712098978
529,berezovo,63.9381,65.0419,-3.69,72,100,6.39,RU,1712098979
530,el bagre,7.5927,-74.8086,26.74,85,88,0.41,CO,1712098979
531,rumoi,43.9344,141.6428,2.99,69,22,2.88,JP,1712098981
532,cole harbour,44.6724,-63.4751,6.71,67,74,1.79,CA,1712098775
533,howrah,22.5892,88.3103,28.0,89,8,2.06,IN,1712098983
534,yeniseysk,58.4497,92.1703,-0.03,100,100,4.02,RU,1712098983
535,port alfred,-33.5906,26.891,16.21,88,71,0.89,ZA,1712098984
536,mammoth lakes,37.6485,-118.9721,14.4,20,0,2.57,US,1712098749
537,svetlyy,54.675,20.1347,6.31,87,100,11.01,RU,1712098986
538,tutoia,-2.7619,-42.2744,26.69,88,89,2.69,BR,1712098986
539,haiku-pauwela,20.9219,-156.3051,26.2,69,40,10.29,US,1712098757
540,irtyshsk,53.3333,75.4572,0.38,92,100,2.51,KZ,1712098988
541,filadelfia,39.9523,-75.1638,8.62,96,100,6.17,US,1712098862
542,berdigestyakh,62.0989,126.6992,-9.88,97,97,2.6,RU,1712098753
543,el bauga,18.262,33.9081,25.99,17,46,4.27,SD,1712098990
544,saint-denis,48.9167,2.3333,12.45,76,0,5.66,FR,1712098991
545,kismayo,-0.3582,42.5454,28.21,77,33,3.61,SO,1712098991
546,igarka,67.4667,86.5833,-4.41,96,100,7.57,RU,1712098992
547,booue,-0.0921,11.9385,24.89,90,99,0.72,GA,1712098993
548,decazeville,44.5605,2.2509,10.83,85,100,1.72,FR,1712098994
549,manaure,11.7751,-72.4445,28.67,67,100,10.43,CO,1712098765
550,nocera inferiore,40.7522,14.6401,14.13,81,58,0.84,IT,1712098995
551,bayramaly,37.6185,62.1671,12.86,31,6,0.86,TM,1712098996
552,qarqaraly,49.4058,75.4742,-0.79,89,98,2.47,KZ,1712098790
553,kemijarvi,66.7131,27.4306,-21.14,100,39,1.69,FI,1712098997
554,timbuktu,16.7735,-3.0074,33.67,13,20,4.68,ML,1712098998
555,jiangkou,25.4872,119.1986,21.38,96,29,4.58,CN,1712098999
556,tangalle,6.024,80.7911,26.05,87,97,1.59,LK,1712099000
557,fayzabad,37.1166,70.58,6.2,99,100,2.16,AF,1712099000
558,hammam-lif,36.7287,10.3416,15.01,77,20,2.06,TN,1712099001
559,ambon,-3.6954,128.1814,29.37,95,40,1.54,ID,1712099002
560,santa margherita ligure,44.3346,9.212,15.42,87,90,5.17,IT,1712099002
561,santo antonio,-6.3106,-35.4789,25.8,89,61,2.0,BR,1712098907
562,posto fiscal rolim de moura,-13.0833,-62.2667,25.55,84,69,0.49,BR,1712098803
563,hammerfest,70.6634,23.6821,-6.75,86,75,3.6,NO,1712098933
564,mawlamyine,16.4914,97.6256,25.42,76,11,2.47,MM,1712099006
565,broken hill,-31.95,141.4333,14.76,57,0,5.18,AU,1712098823
566,benito juarez,19.385,-99.165,28.33,20,40,5.14,MX,1712099008
567,kerikeri,-35.2268,173.9474,20.96,53,5,1.61,NZ,1712098748
568,casablanca,33.5928,-7.6192,16.85,72,17,2.68,MA,1712098624
569,lospalos,-8.5186,127.0025,24.78,83,99,0.28,TL,1712099010
570,coquimbo,-29.9533,-71.3436,17.33,73,0,2.19,CL,1712098797
571,siyabuswa,-25.1132,29.0445,21.56,48,22,1.71,ZA,1712099011
572,pangody,65.85,74.4859,0.15,98,100,8.69,RU,1712099012
573,argo,37.6333,22.7333,17.1,67,100,2.27,GR,1712098780
574,santa maria,-29.6842,-53.8069,19.61,94,40,2.06,BR,1712098809
575,itoman,26.1247,127.6694,25.22,94,75,6.17,JP,1712099014
576,nizhneangarsk,55.7833,109.55,-15.0,88,17,1.79,RU,1712099014
577,wewak,-3.5534,143.6268,27.11,84,100,0.6,PG,1712099015
578,nelson bay,-32.7167,152.15,20.61,72,38,3.13,AU,1712099015
579,siwa oasis,29.2041,25.5195,22.11,25,0,3.59,EG,1712099016
580,kongolo,-5.3833,27.0,21.73,96,98,0.54,CD,1712098941
581,luena,-11.7833,19.9167,19.1,94,99,1.54,AO,1712099018
582,freeport,40.6576,-73.5832,7.99,90,100,9.39,US,1712098766
583,lichuan,30.3,108.85,11.78,97,49,0.55,CN,1712099020
584,sittwe,20.15,92.9,25.65,89,5,0.76,MM,1712099020
585,manismata,-2.4667,111.0333,24.23,97,43,0.64,ID,1712099021
586,bel ombre,-4.6167,55.4167,26.91,83,20,1.03,SC,1712099021
587,angaur state,6.906,134.13,27.74,83,100,9.82,PW,1712099022
588,darnah,32.767,22.6367,19.95,46,0,2.59,LY,1712099023
589,simcoe,42.8334,-80.2997,7.29,91,100,9.42,CA,1712098847
590,souillac,-20.5167,57.5167,26.21,73,75,6.69,MU,1712099024
